Model,Accuracy,Precision,Recall,F1 Score,ROC AUC
Logistic Regression,0.7551020408163265,0.3563218390804598,0.6595744680851063,0.4626865671641791,0.8035145146007409
Random Forest,0.8401360544217688,0.5,0.0851063829787234,0.14545454545454545,0.7688862089757946
Gradient Boosting,0.8503401360544217,0.5882352941176471,0.2127659574468085,0.3125,0.7941252476526832
